id,recovery_type,sentence_id,sentence,original_label,original_label_description_full,expert_judgment,allowed_judgments,notes
embe_0001,embeddings,8120,Kwampirs collects a list of active and listening connections by using the command <code>netstat -nao</code> as well as a list of available network mappings with <code>net use</code>.,T1016,"Adversaries may look for details about the network configuration and settings, such as IP and/or MAC addresses, of systems they access or through information discovery of remote systems. Several operating system administration utilities exist that can be used to gather this information. Examples include [Arp](https://attack.mitre.org/software/S0099), [ipconfig](https://attack.mitre.org/software/S0100)/[ifconfig](https://attack.mitre.org/software/S0101), [nbtstat](https://attack.mitre.org/software/S0102), and [route](https://attack.mitre.org/software/S0103). Adversaries may also leverage a [Network Device CLI](https://attack.mitre.org/techniques/T1059/008) on network devices to gather information about configurations and settings, such as IP addresses of configured interfaces and static/dynamic routes (e.g. <code>show ip route</code>, <code>show ip interface</code>).(Citation: US-CERT-TA18-106A)(Citation: Mandiant APT41 Global Intrusion ) On ESXi, adversaries may leverage esxcli to gather network configuration information. For example, the command `esxcli network nic list` will retrieve the MAC address, while `esxcli network ip interface ipv4 get` will retrieve the local IPv4 address.(Citation: Trellix Rnasomhouse 2024) Adversaries may use the information from [System Network Configuration Discovery](https://attack.mitre.org/techniques/T1016) during automated discovery to shape follow-on behaviors, including determining certain access within the target network and what actions to do next.",,"['plausible', 'mild', 'negative']",
embe_0002,embeddings,8016,OilRig has used <code>sc query</code> on a victim to gather information about services.,T1082,"An adversary may attempt to get detailed information about the operating system and hardware, including version, patches, hotfixes, service packs, and architecture. Adversaries may use this information to shape follow-on behaviors, including whether or not the adversary fully infects the target and/or attempts specific actions. This behavior is distinct from [Local Storage Discovery](https://attack.mitre.org/techniques/T1680) which is an adversary's discovery of local drive, disks and/or volumes. Tools such as [Systeminfo](https://attack.mitre.org/software/S0096) can be used to gather detailed system information. If running with privileged access, a breakdown of system data can be gathered through the <code>systemsetup</code> configuration tool on macOS. Adversaries may leverage a [Network Device CLI](https://attack.mitre.org/techniques/T1059/008) on network devices to gather detailed system information (e.g. <code>show version</code>).(Citation: US-CERT-TA18-106A) On ESXi servers, threat actors may gather system information from various esxcli utilities, such as `system hostname get` and `system version get`.(Citation: Crowdstrike Hypervisor Jackpotting Pt 2 2021)(Citation: Varonis) Infrastructure as a Service (IaaS) cloud providers such as AWS, GCP, and Azure allow access to instance and virtual machine information via APIs. Successful authenticated API calls can return data such as the operating system platform and status of a particular instance or the model view of a virtual machine.(Citation: Amazon Describe Instance)(Citation: Google Instances Resource)(Citation: Microsoft Virutal Machine API) [System Information Discovery](https://attack.mitre.org/techniques/T1082) combined with information gathered from other forms of discovery and reconnaissance can drive payload development and concealment.(Citation: OSX.FairyTale)(Citation: 20 macOS Common Tools and Techniques)",,"['plausible', 'mild', 'negative']",
embe_0003,embeddings,8134,BitPaymer can enumerate existing Windows services on the host that are configured to run as LocalSystem.,T1082,"An adversary may attempt to get detailed information about the operating system and hardware, including version, patches, hotfixes, service packs, and architecture. Adversaries may use this information to shape follow-on behaviors, including whether or not the adversary fully infects the target and/or attempts specific actions. This behavior is distinct from [Local Storage Discovery](https://attack.mitre.org/techniques/T1680) which is an adversary's discovery of local drive, disks and/or volumes. Tools such as [Systeminfo](https://attack.mitre.org/software/S0096) can be used to gather detailed system information. If running with privileged access, a breakdown of system data can be gathered through the <code>systemsetup</code> configuration tool on macOS. Adversaries may leverage a [Network Device CLI](https://attack.mitre.org/techniques/T1059/008) on network devices to gather detailed system information (e.g. <code>show version</code>).(Citation: US-CERT-TA18-106A) On ESXi servers, threat actors may gather system information from various esxcli utilities, such as `system hostname get` and `system version get`.(Citation: Crowdstrike Hypervisor Jackpotting Pt 2 2021)(Citation: Varonis) Infrastructure as a Service (IaaS) cloud providers such as AWS, GCP, and Azure allow access to instance and virtual machine information via APIs. Successful authenticated API calls can return data such as the operating system platform and status of a particular instance or the model view of a virtual machine.(Citation: Amazon Describe Instance)(Citation: Google Instances Resource)(Citation: Microsoft Virutal Machine API) [System Information Discovery](https://attack.mitre.org/techniques/T1082) combined with information gathered from other forms of discovery and reconnaissance can drive payload development and concealment.(Citation: OSX.FairyTale)(Citation: 20 macOS Common Tools and Techniques)",,"['plausible', 'mild', 'negative']",
embe_0004,embeddings,8089,SLOTHFULMEDIA can enumerate open ports on a victim machine.,T1016,"Adversaries may look for details about the network configuration and settings, such as IP and/or MAC addresses, of systems they access or through information discovery of remote systems. Several operating system administration utilities exist that can be used to gather this information. Examples include [Arp](https://attack.mitre.org/software/S0099), [ipconfig](https://attack.mitre.org/software/S0100)/[ifconfig](https://attack.mitre.org/software/S0101), [nbtstat](https://attack.mitre.org/software/S0102), and [route](https://attack.mitre.org/software/S0103). Adversaries may also leverage a [Network Device CLI](https://attack.mitre.org/techniques/T1059/008) on network devices to gather information about configurations and settings, such as IP addresses of configured interfaces and static/dynamic routes (e.g. <code>show ip route</code>, <code>show ip interface</code>).(Citation: US-CERT-TA18-106A)(Citation: Mandiant APT41 Global Intrusion ) On ESXi, adversaries may leverage esxcli to gather network configuration information. For example, the command `esxcli network nic list` will retrieve the MAC address, while `esxcli network ip interface ipv4 get` will retrieve the local IPv4 address.(Citation: Trellix Rnasomhouse 2024) Adversaries may use the information from [System Network Configuration Discovery](https://attack.mitre.org/techniques/T1016) during automated discovery to shape follow-on behaviors, including determining certain access within the target network and what actions to do next.",,"['plausible', 'mild', 'negative']",
embe_0005,embeddings,8105,"HexEval Loader has a function where the C2 endpoint can identify the geographical location of a victim host based on request headers, execution environment and runtime conditions.",T1082,"An adversary may attempt to get detailed information about the operating system and hardware, including version, patches, hotfixes, service packs, and architecture. Adversaries may use this information to shape follow-on behaviors, including whether or not the adversary fully infects the target and/or attempts specific actions. This behavior is distinct from [Local Storage Discovery](https://attack.mitre.org/techniques/T1680) which is an adversary's discovery of local drive, disks and/or volumes. Tools such as [Systeminfo](https://attack.mitre.org/software/S0096) can be used to gather detailed system information. If running with privileged access, a breakdown of system data can be gathered through the <code>systemsetup</code> configuration tool on macOS. Adversaries may leverage a [Network Device CLI](https://attack.mitre.org/techniques/T1059/008) on network devices to gather detailed system information (e.g. <code>show version</code>).(Citation: US-CERT-TA18-106A) On ESXi servers, threat actors may gather system information from various esxcli utilities, such as `system hostname get` and `system version get`.(Citation: Crowdstrike Hypervisor Jackpotting Pt 2 2021)(Citation: Varonis) Infrastructure as a Service (IaaS) cloud providers such as AWS, GCP, and Azure allow access to instance and virtual machine information via APIs. Successful authenticated API calls can return data such as the operating system platform and status of a particular instance or the model view of a virtual machine.(Citation: Amazon Describe Instance)(Citation: Google Instances Resource)(Citation: Microsoft Virutal Machine API) [System Information Discovery](https://attack.mitre.org/techniques/T1082) combined with information gathered from other forms of discovery and reconnaissance can drive payload development and concealment.(Citation: OSX.FairyTale)(Citation: 20 macOS Common Tools and Techniques)",,"['plausible', 'mild', 'negative']",
embe_0006,embeddings,8077,The discovery modules used with Duqu can collect information on network connections.,T1016,"Adversaries may look for details about the network configuration and settings, such as IP and/or MAC addresses, of systems they access or through information discovery of remote systems. Several operating system administration utilities exist that can be used to gather this information. Examples include [Arp](https://attack.mitre.org/software/S0099), [ipconfig](https://attack.mitre.org/software/S0100)/[ifconfig](https://attack.mitre.org/software/S0101), [nbtstat](https://attack.mitre.org/software/S0102), and [route](https://attack.mitre.org/software/S0103). Adversaries may also leverage a [Network Device CLI](https://attack.mitre.org/techniques/T1059/008) on network devices to gather information about configurations and settings, such as IP addresses of configured interfaces and static/dynamic routes (e.g. <code>show ip route</code>, <code>show ip interface</code>).(Citation: US-CERT-TA18-106A)(Citation: Mandiant APT41 Global Intrusion ) On ESXi, adversaries may leverage esxcli to gather network configuration information. For example, the command `esxcli network nic list` will retrieve the MAC address, while `esxcli network ip interface ipv4 get` will retrieve the local IPv4 address.(Citation: Trellix Rnasomhouse 2024) Adversaries may use the information from [System Network Configuration Discovery](https://attack.mitre.org/techniques/T1016) during automated discovery to shape follow-on behaviors, including determining certain access within the target network and what actions to do next.",,"['plausible', 'mild', 'negative']",
embe_0007,embeddings,8170,INC Ransom has used RDP to test network connections.,T1016,"Adversaries may look for details about the network configuration and settings, such as IP and/or MAC addresses, of systems they access or through information discovery of remote systems. Several operating system administration utilities exist that can be used to gather this information. Examples include [Arp](https://attack.mitre.org/software/S0099), [ipconfig](https://attack.mitre.org/software/S0100)/[ifconfig](https://attack.mitre.org/software/S0101), [nbtstat](https://attack.mitre.org/software/S0102), and [route](https://attack.mitre.org/software/S0103). Adversaries may also leverage a [Network Device CLI](https://attack.mitre.org/techniques/T1059/008) on network devices to gather information about configurations and settings, such as IP addresses of configured interfaces and static/dynamic routes (e.g. <code>show ip route</code>, <code>show ip interface</code>).(Citation: US-CERT-TA18-106A)(Citation: Mandiant APT41 Global Intrusion ) On ESXi, adversaries may leverage esxcli to gather network configuration information. For example, the command `esxcli network nic list` will retrieve the MAC address, while `esxcli network ip interface ipv4 get` will retrieve the local IPv4 address.(Citation: Trellix Rnasomhouse 2024) Adversaries may use the information from [System Network Configuration Discovery](https://attack.mitre.org/techniques/T1016) during automated discovery to shape follow-on behaviors, including determining certain access within the target network and what actions to do next.",,"['plausible', 'mild', 'negative']",
embe_0008,embeddings,7987,TeamTNT has searched for services such as Alibaba Cloud Security's aliyun service and BMC Helix Cloud Security's bmc-agent service in order to disable them.,T1082,"An adversary may attempt to get detailed information about the operating system and hardware, including version, patches, hotfixes, service packs, and architecture. Adversaries may use this information to shape follow-on behaviors, including whether or not the adversary fully infects the target and/or attempts specific actions. This behavior is distinct from [Local Storage Discovery](https://attack.mitre.org/techniques/T1680) which is an adversary's discovery of local drive, disks and/or volumes. Tools such as [Systeminfo](https://attack.mitre.org/software/S0096) can be used to gather detailed system information. If running with privileged access, a breakdown of system data can be gathered through the <code>systemsetup</code> configuration tool on macOS. Adversaries may leverage a [Network Device CLI](https://attack.mitre.org/techniques/T1059/008) on network devices to gather detailed system information (e.g. <code>show version</code>).(Citation: US-CERT-TA18-106A) On ESXi servers, threat actors may gather system information from various esxcli utilities, such as `system hostname get` and `system version get`.(Citation: Crowdstrike Hypervisor Jackpotting Pt 2 2021)(Citation: Varonis) Infrastructure as a Service (IaaS) cloud providers such as AWS, GCP, and Azure allow access to instance and virtual machine information via APIs. Successful authenticated API calls can return data such as the operating system platform and status of a particular instance or the model view of a virtual machine.(Citation: Amazon Describe Instance)(Citation: Google Instances Resource)(Citation: Microsoft Virutal Machine API) [System Information Discovery](https://attack.mitre.org/techniques/T1082) combined with information gathered from other forms of discovery and reconnaissance can drive payload development and concealment.(Citation: OSX.FairyTale)(Citation: 20 macOS Common Tools and Techniques)",,"['plausible', 'mild', 'negative']",
embe_0009,embeddings,8118,Babuk can enumerate all services running on a compromised host.,T1082,"An adversary may attempt to get detailed information about the operating system and hardware, including version, patches, hotfixes, service packs, and architecture. Adversaries may use this information to shape follow-on behaviors, including whether or not the adversary fully infects the target and/or attempts specific actions. This behavior is distinct from [Local Storage Discovery](https://attack.mitre.org/techniques/T1680) which is an adversary's discovery of local drive, disks and/or volumes. Tools such as [Systeminfo](https://attack.mitre.org/software/S0096) can be used to gather detailed system information. If running with privileged access, a breakdown of system data can be gathered through the <code>systemsetup</code> configuration tool on macOS. Adversaries may leverage a [Network Device CLI](https://attack.mitre.org/techniques/T1059/008) on network devices to gather detailed system information (e.g. <code>show version</code>).(Citation: US-CERT-TA18-106A) On ESXi servers, threat actors may gather system information from various esxcli utilities, such as `system hostname get` and `system version get`.(Citation: Crowdstrike Hypervisor Jackpotting Pt 2 2021)(Citation: Varonis) Infrastructure as a Service (IaaS) cloud providers such as AWS, GCP, and Azure allow access to instance and virtual machine information via APIs. Successful authenticated API calls can return data such as the operating system platform and status of a particular instance or the model view of a virtual machine.(Citation: Amazon Describe Instance)(Citation: Google Instances Resource)(Citation: Microsoft Virutal Machine API) [System Information Discovery](https://attack.mitre.org/techniques/T1082) combined with information gathered from other forms of discovery and reconnaissance can drive payload development and concealment.(Citation: OSX.FairyTale)(Citation: 20 macOS Common Tools and Techniques)",,"['plausible', 'mild', 'negative']",
embe_0010,embeddings,7974,SysUpdate can collect a list of services on a victim machine.,T1082,"An adversary may attempt to get detailed information about the operating system and hardware, including version, patches, hotfixes, service packs, and architecture. Adversaries may use this information to shape follow-on behaviors, including whether or not the adversary fully infects the target and/or attempts specific actions. This behavior is distinct from [Local Storage Discovery](https://attack.mitre.org/techniques/T1680) which is an adversary's discovery of local drive, disks and/or volumes. Tools such as [Systeminfo](https://attack.mitre.org/software/S0096) can be used to gather detailed system information. If running with privileged access, a breakdown of system data can be gathered through the <code>systemsetup</code> configuration tool on macOS. Adversaries may leverage a [Network Device CLI](https://attack.mitre.org/techniques/T1059/008) on network devices to gather detailed system information (e.g. <code>show version</code>).(Citation: US-CERT-TA18-106A) On ESXi servers, threat actors may gather system information from various esxcli utilities, such as `system hostname get` and `system version get`.(Citation: Crowdstrike Hypervisor Jackpotting Pt 2 2021)(Citation: Varonis) Infrastructure as a Service (IaaS) cloud providers such as AWS, GCP, and Azure allow access to instance and virtual machine information via APIs. Successful authenticated API calls can return data such as the operating system platform and status of a particular instance or the model view of a virtual machine.(Citation: Amazon Describe Instance)(Citation: Google Instances Resource)(Citation: Microsoft Virutal Machine API) [System Information Discovery](https://attack.mitre.org/techniques/T1082) combined with information gathered from other forms of discovery and reconnaissance can drive payload development and concealment.(Citation: OSX.FairyTale)(Citation: 20 macOS Common Tools and Techniques)",,"['plausible', 'mild', 'negative']",
embe_0011,embeddings,8129,WINERACK can enumerate services.,T1082,"An adversary may attempt to get detailed information about the operating system and hardware, including version, patches, hotfixes, service packs, and architecture. Adversaries may use this information to shape follow-on behaviors, including whether or not the adversary fully infects the target and/or attempts specific actions. This behavior is distinct from [Local Storage Discovery](https://attack.mitre.org/techniques/T1680) which is an adversary's discovery of local drive, disks and/or volumes. Tools such as [Systeminfo](https://attack.mitre.org/software/S0096) can be used to gather detailed system information. If running with privileged access, a breakdown of system data can be gathered through the <code>systemsetup</code> configuration tool on macOS. Adversaries may leverage a [Network Device CLI](https://attack.mitre.org/techniques/T1059/008) on network devices to gather detailed system information (e.g. <code>show version</code>).(Citation: US-CERT-TA18-106A) On ESXi servers, threat actors may gather system information from various esxcli utilities, such as `system hostname get` and `system version get`.(Citation: Crowdstrike Hypervisor Jackpotting Pt 2 2021)(Citation: Varonis) Infrastructure as a Service (IaaS) cloud providers such as AWS, GCP, and Azure allow access to instance and virtual machine information via APIs. Successful authenticated API calls can return data such as the operating system platform and status of a particular instance or the model view of a virtual machine.(Citation: Amazon Describe Instance)(Citation: Google Instances Resource)(Citation: Microsoft Virutal Machine API) [System Information Discovery](https://attack.mitre.org/techniques/T1082) combined with information gathered from other forms of discovery and reconnaissance can drive payload development and concealment.(Citation: OSX.FairyTale)(Citation: 20 macOS Common Tools and Techniques)",,"['plausible', 'mild', 'negative']",
embe_0012,embeddings,8172,"Use anti-spoofing and email authentication mechanisms to filter messages based on validity checks of the sender domain (using SPF) and integrity of messages (using DKIM). Enabling these mechanisms within an organization (through policies such as DMARC) may enable recipients (intra-org and cross domain) to perform similar message filtering and validation. Furthermore, policies may enforce / install browser extensions that protect against IDN and homograph attacks. Browser password managers may also be configured to only populate credential fields when the URL matches that of the original, legitimate site.",T1566.001,"Adversaries may send spearphishing emails with a malicious attachment in an attempt to gain access to victim systems. Spearphishing attachment is a specific variant of spearphishing. Spearphishing attachment is different from other forms of spearphishing in that it employs the use of malware attached to an email. All forms of spearphishing are electronically delivered social engineering targeted at a specific individual, company, or industry. In this scenario, adversaries attach a file to the spearphishing email and usually rely upon [User Execution](https://attack.mitre.org/techniques/T1204) to gain execution.(Citation: Unit 42 DarkHydrus July 2018) Spearphishing may also involve social engineering techniques, such as posing as a trusted source. There are many options for the attachment such as Microsoft Office documents, executables, PDFs, or archived files. Upon opening the attachment (and potentially clicking past protections), the adversary's payload exploits a vulnerability or directly executes on the user's system. The text of the spearphishing email usually tries to give a plausible reason why the file should be opened, and may explain how to bypass system protections in order to do so. The email may also contain instructions on how to decrypt an attachment, such as a zip file password, in order to evade email boundary defenses. Adversaries frequently manipulate file extensions and icons in order to make attached executables appear to be document files, or files exploiting one application appear to be a file for a different one.",,"['plausible', 'mild', 'negative']",
embe_0013,embeddings,7986,"During Operation Wocao, threat actors collected a list of open connections on the infected system using `netstat` and checks whether it has an internet connection.",T1016,"Adversaries may look for details about the network configuration and settings, such as IP and/or MAC addresses, of systems they access or through information discovery of remote systems. Several operating system administration utilities exist that can be used to gather this information. Examples include [Arp](https://attack.mitre.org/software/S0099), [ipconfig](https://attack.mitre.org/software/S0100)/[ifconfig](https://attack.mitre.org/software/S0101), [nbtstat](https://attack.mitre.org/software/S0102), and [route](https://attack.mitre.org/software/S0103). Adversaries may also leverage a [Network Device CLI](https://attack.mitre.org/techniques/T1059/008) on network devices to gather information about configurations and settings, such as IP addresses of configured interfaces and static/dynamic routes (e.g. <code>show ip route</code>, <code>show ip interface</code>).(Citation: US-CERT-TA18-106A)(Citation: Mandiant APT41 Global Intrusion ) On ESXi, adversaries may leverage esxcli to gather network configuration information. For example, the command `esxcli network nic list` will retrieve the MAC address, while `esxcli network ip interface ipv4 get` will retrieve the local IPv4 address.(Citation: Trellix Rnasomhouse 2024) Adversaries may use the information from [System Network Configuration Discovery](https://attack.mitre.org/techniques/T1016) during automated discovery to shape follow-on behaviors, including determining certain access within the target network and what actions to do next.",,"['plausible', 'mild', 'negative']",
embe_0014,embeddings,8135,TrickBot collects a list of install programs and services on the system’s machine.,T1082,"An adversary may attempt to get detailed information about the operating system and hardware, including version, patches, hotfixes, service packs, and architecture. Adversaries may use this information to shape follow-on behaviors, including whether or not the adversary fully infects the target and/or attempts specific actions. This behavior is distinct from [Local Storage Discovery](https://attack.mitre.org/techniques/T1680) which is an adversary's discovery of local drive, disks and/or volumes. Tools such as [Systeminfo](https://attack.mitre.org/software/S0096) can be used to gather detailed system information. If running with privileged access, a breakdown of system data can be gathered through the <code>systemsetup</code> configuration tool on macOS. Adversaries may leverage a [Network Device CLI](https://attack.mitre.org/techniques/T1059/008) on network devices to gather detailed system information (e.g. <code>show version</code>).(Citation: US-CERT-TA18-106A) On ESXi servers, threat actors may gather system information from various esxcli utilities, such as `system hostname get` and `system version get`.(Citation: Crowdstrike Hypervisor Jackpotting Pt 2 2021)(Citation: Varonis) Infrastructure as a Service (IaaS) cloud providers such as AWS, GCP, and Azure allow access to instance and virtual machine information via APIs. Successful authenticated API calls can return data such as the operating system platform and status of a particular instance or the model view of a virtual machine.(Citation: Amazon Describe Instance)(Citation: Google Instances Resource)(Citation: Microsoft Virutal Machine API) [System Information Discovery](https://attack.mitre.org/techniques/T1082) combined with information gathered from other forms of discovery and reconnaissance can drive payload development and concealment.(Citation: OSX.FairyTale)(Citation: 20 macOS Common Tools and Techniques)",,"['plausible', 'mild', 'negative']",
embe_0015,embeddings,8132,SideCopy has crafted generic lures for spam campaigns to collect emails and credentials for targeting efforts.,T1566.001,"Adversaries may send spearphishing emails with a malicious attachment in an attempt to gain access to victim systems. Spearphishing attachment is a specific variant of spearphishing. Spearphishing attachment is different from other forms of spearphishing in that it employs the use of malware attached to an email. All forms of spearphishing are electronically delivered social engineering targeted at a specific individual, company, or industry. In this scenario, adversaries attach a file to the spearphishing email and usually rely upon [User Execution](https://attack.mitre.org/techniques/T1204) to gain execution.(Citation: Unit 42 DarkHydrus July 2018) Spearphishing may also involve social engineering techniques, such as posing as a trusted source. There are many options for the attachment such as Microsoft Office documents, executables, PDFs, or archived files. Upon opening the attachment (and potentially clicking past protections), the adversary's payload exploits a vulnerability or directly executes on the user's system. The text of the spearphishing email usually tries to give a plausible reason why the file should be opened, and may explain how to bypass system protections in order to do so. The email may also contain instructions on how to decrypt an attachment, such as a zip file password, in order to evade email boundary defenses. Adversaries frequently manipulate file extensions and icons in order to make attached executables appear to be document files, or files exploiting one application appear to be a file for a different one.",,"['plausible', 'mild', 'negative']",
embe_0016,embeddings,7959,"Adversaries may try to gather information about registered local system services. Adversaries may obtain information about services using tools as well as OS utility commands such as <code>sc query</code>, <code>tasklist /svc</code>, <code>systemctl --type=service</code>, and <code>net start</code>. Adversaries may also gather information about schedule tasks via commands such as `schtasks` on Windows or `crontab -l` on Linux and macOS.(Citation: Elastic Security Labs GOSAR 2024)(Citation: SentinelLabs macOS Malware 2021)(Citation: Splunk Linux Gormir 2024)(Citation: Aquasec Kinsing 2020) Adversaries may use the information from [System Service Discovery](https://attack.mitre.org/techniques/T1007) during automated discovery to shape follow-on behaviors, including whether or not the adversary fully infects the target and/or attempts specific actions.",T1082,"An adversary may attempt to get detailed information about the operating system and hardware, including version, patches, hotfixes, service packs, and architecture. Adversaries may use this information to shape follow-on behaviors, including whether or not the adversary fully infects the target and/or attempts specific actions. This behavior is distinct from [Local Storage Discovery](https://attack.mitre.org/techniques/T1680) which is an adversary's discovery of local drive, disks and/or volumes. Tools such as [Systeminfo](https://attack.mitre.org/software/S0096) can be used to gather detailed system information. If running with privileged access, a breakdown of system data can be gathered through the <code>systemsetup</code> configuration tool on macOS. Adversaries may leverage a [Network Device CLI](https://attack.mitre.org/techniques/T1059/008) on network devices to gather detailed system information (e.g. <code>show version</code>).(Citation: US-CERT-TA18-106A) On ESXi servers, threat actors may gather system information from various esxcli utilities, such as `system hostname get` and `system version get`.(Citation: Crowdstrike Hypervisor Jackpotting Pt 2 2021)(Citation: Varonis) Infrastructure as a Service (IaaS) cloud providers such as AWS, GCP, and Azure allow access to instance and virtual machine information via APIs. Successful authenticated API calls can return data such as the operating system platform and status of a particular instance or the model view of a virtual machine.(Citation: Amazon Describe Instance)(Citation: Google Instances Resource)(Citation: Microsoft Virutal Machine API) [System Information Discovery](https://attack.mitre.org/techniques/T1082) combined with information gathered from other forms of discovery and reconnaissance can drive payload development and concealment.(Citation: OSX.FairyTale)(Citation: 20 macOS Common Tools and Techniques)",,"['plausible', 'mild', 'negative']",
embe_0017,embeddings,7997,"Maze has used the ""WNetOpenEnumW"", ""WNetEnumResourceW”, “WNetCloseEnum” and “WNetAddConnection2W” functions to enumerate the network resources on the infected machine.",T1016,"Adversaries may look for details about the network configuration and settings, such as IP and/or MAC addresses, of systems they access or through information discovery of remote systems. Several operating system administration utilities exist that can be used to gather this information. Examples include [Arp](https://attack.mitre.org/software/S0099), [ipconfig](https://attack.mitre.org/software/S0100)/[ifconfig](https://attack.mitre.org/software/S0101), [nbtstat](https://attack.mitre.org/software/S0102), and [route](https://attack.mitre.org/software/S0103). Adversaries may also leverage a [Network Device CLI](https://attack.mitre.org/techniques/T1059/008) on network devices to gather information about configurations and settings, such as IP addresses of configured interfaces and static/dynamic routes (e.g. <code>show ip route</code>, <code>show ip interface</code>).(Citation: US-CERT-TA18-106A)(Citation: Mandiant APT41 Global Intrusion ) On ESXi, adversaries may leverage esxcli to gather network configuration information. For example, the command `esxcli network nic list` will retrieve the MAC address, while `esxcli network ip interface ipv4 get` will retrieve the local IPv4 address.(Citation: Trellix Rnasomhouse 2024) Adversaries may use the information from [System Network Configuration Discovery](https://attack.mitre.org/techniques/T1016) during automated discovery to shape follow-on behaviors, including determining certain access within the target network and what actions to do next.",,"['plausible', 'mild', 'negative']",
embe_0018,embeddings,8091,admin@338 actors used the following command following exploitation of a machine with LOWBALL malware to display network connections: <code>netstat -ano >> %temp%\download</code>,T1016,"Adversaries may look for details about the network configuration and settings, such as IP and/or MAC addresses, of systems they access or through information discovery of remote systems. Several operating system administration utilities exist that can be used to gather this information. Examples include [Arp](https://attack.mitre.org/software/S0099), [ipconfig](https://attack.mitre.org/software/S0100)/[ifconfig](https://attack.mitre.org/software/S0101), [nbtstat](https://attack.mitre.org/software/S0102), and [route](https://attack.mitre.org/software/S0103). Adversaries may also leverage a [Network Device CLI](https://attack.mitre.org/techniques/T1059/008) on network devices to gather information about configurations and settings, such as IP addresses of configured interfaces and static/dynamic routes (e.g. <code>show ip route</code>, <code>show ip interface</code>).(Citation: US-CERT-TA18-106A)(Citation: Mandiant APT41 Global Intrusion ) On ESXi, adversaries may leverage esxcli to gather network configuration information. For example, the command `esxcli network nic list` will retrieve the MAC address, while `esxcli network ip interface ipv4 get` will retrieve the local IPv4 address.(Citation: Trellix Rnasomhouse 2024) Adversaries may use the information from [System Network Configuration Discovery](https://attack.mitre.org/techniques/T1016) during automated discovery to shape follow-on behaviors, including determining certain access within the target network and what actions to do next.",,"['plausible', 'mild', 'negative']",
embe_0019,embeddings,8173,Aria-body has the ability to gather TCP and UDP table status listings.,T1016,"Adversaries may look for details about the network configuration and settings, such as IP and/or MAC addresses, of systems they access or through information discovery of remote systems. Several operating system administration utilities exist that can be used to gather this information. Examples include [Arp](https://attack.mitre.org/software/S0099), [ipconfig](https://attack.mitre.org/software/S0100)/[ifconfig](https://attack.mitre.org/software/S0101), [nbtstat](https://attack.mitre.org/software/S0102), and [route](https://attack.mitre.org/software/S0103). Adversaries may also leverage a [Network Device CLI](https://attack.mitre.org/techniques/T1059/008) on network devices to gather information about configurations and settings, such as IP addresses of configured interfaces and static/dynamic routes (e.g. <code>show ip route</code>, <code>show ip interface</code>).(Citation: US-CERT-TA18-106A)(Citation: Mandiant APT41 Global Intrusion ) On ESXi, adversaries may leverage esxcli to gather network configuration information. For example, the command `esxcli network nic list` will retrieve the MAC address, while `esxcli network ip interface ipv4 get` will retrieve the local IPv4 address.(Citation: Trellix Rnasomhouse 2024) Adversaries may use the information from [System Network Configuration Discovery](https://attack.mitre.org/techniques/T1016) during automated discovery to shape follow-on behaviors, including determining certain access within the target network and what actions to do next.",,"['plausible', 'mild', 'negative']",
embe_0020,embeddings,7972,Babuk can use “WNetOpenEnumW” and “WNetEnumResourceW” to enumerate files in network resources for encryption.,T1016,"Adversaries may look for details about the network configuration and settings, such as IP and/or MAC addresses, of systems they access or through information discovery of remote systems. Several operating system administration utilities exist that can be used to gather this information. Examples include [Arp](https://attack.mitre.org/software/S0099), [ipconfig](https://attack.mitre.org/software/S0100)/[ifconfig](https://attack.mitre.org/software/S0101), [nbtstat](https://attack.mitre.org/software/S0102), and [route](https://attack.mitre.org/software/S0103). Adversaries may also leverage a [Network Device CLI](https://attack.mitre.org/techniques/T1059/008) on network devices to gather information about configurations and settings, such as IP addresses of configured interfaces and static/dynamic routes (e.g. <code>show ip route</code>, <code>show ip interface</code>).(Citation: US-CERT-TA18-106A)(Citation: Mandiant APT41 Global Intrusion ) On ESXi, adversaries may leverage esxcli to gather network configuration information. For example, the command `esxcli network nic list` will retrieve the MAC address, while `esxcli network ip interface ipv4 get` will retrieve the local IPv4 address.(Citation: Trellix Rnasomhouse 2024) Adversaries may use the information from [System Network Configuration Discovery](https://attack.mitre.org/techniques/T1016) during automated discovery to shape follow-on behaviors, including determining certain access within the target network and what actions to do next.",,"['plausible', 'mild', 'negative']",
embe_0021,embeddings,8058,Kimsuky has used links in e-mail to steal account information including web beacons for target profiling.,T1566.001,"Adversaries may send spearphishing emails with a malicious attachment in an attempt to gain access to victim systems. Spearphishing attachment is a specific variant of spearphishing. Spearphishing attachment is different from other forms of spearphishing in that it employs the use of malware attached to an email. All forms of spearphishing are electronically delivered social engineering targeted at a specific individual, company, or industry. In this scenario, adversaries attach a file to the spearphishing email and usually rely upon [User Execution](https://attack.mitre.org/techniques/T1204) to gain execution.(Citation: Unit 42 DarkHydrus July 2018) Spearphishing may also involve social engineering techniques, such as posing as a trusted source. There are many options for the attachment such as Microsoft Office documents, executables, PDFs, or archived files. Upon opening the attachment (and potentially clicking past protections), the adversary's payload exploits a vulnerability or directly executes on the user's system. The text of the spearphishing email usually tries to give a plausible reason why the file should be opened, and may explain how to bypass system protections in order to do so. The email may also contain instructions on how to decrypt an attachment, such as a zip file password, in order to evade email boundary defenses. Adversaries frequently manipulate file extensions and icons in order to make attached executables appear to be document files, or files exploiting one application appear to be a file for a different one.",,"['plausible', 'mild', 'negative']",
embe_0022,embeddings,7977,SideCopy has identified the country location of a compromised host.,T1082,"An adversary may attempt to get detailed information about the operating system and hardware, including version, patches, hotfixes, service packs, and architecture. Adversaries may use this information to shape follow-on behaviors, including whether or not the adversary fully infects the target and/or attempts specific actions. This behavior is distinct from [Local Storage Discovery](https://attack.mitre.org/techniques/T1680) which is an adversary's discovery of local drive, disks and/or volumes. Tools such as [Systeminfo](https://attack.mitre.org/software/S0096) can be used to gather detailed system information. If running with privileged access, a breakdown of system data can be gathered through the <code>systemsetup</code> configuration tool on macOS. Adversaries may leverage a [Network Device CLI](https://attack.mitre.org/techniques/T1059/008) on network devices to gather detailed system information (e.g. <code>show version</code>).(Citation: US-CERT-TA18-106A) On ESXi servers, threat actors may gather system information from various esxcli utilities, such as `system hostname get` and `system version get`.(Citation: Crowdstrike Hypervisor Jackpotting Pt 2 2021)(Citation: Varonis) Infrastructure as a Service (IaaS) cloud providers such as AWS, GCP, and Azure allow access to instance and virtual machine information via APIs. Successful authenticated API calls can return data such as the operating system platform and status of a particular instance or the model view of a virtual machine.(Citation: Amazon Describe Instance)(Citation: Google Instances Resource)(Citation: Microsoft Virutal Machine API) [System Information Discovery](https://attack.mitre.org/techniques/T1082) combined with information gathered from other forms of discovery and reconnaissance can drive payload development and concealment.(Citation: OSX.FairyTale)(Citation: 20 macOS Common Tools and Techniques)",,"['plausible', 'mild', 'negative']",
embe_0023,embeddings,8057,Cuba can use the function <code>GetIpNetTable</code> to recover the last connections to the victim's machine.,T1016,"Adversaries may look for details about the network configuration and settings, such as IP and/or MAC addresses, of systems they access or through information discovery of remote systems. Several operating system administration utilities exist that can be used to gather this information. Examples include [Arp](https://attack.mitre.org/software/S0099), [ipconfig](https://attack.mitre.org/software/S0100)/[ifconfig](https://attack.mitre.org/software/S0101), [nbtstat](https://attack.mitre.org/software/S0102), and [route](https://attack.mitre.org/software/S0103). Adversaries may also leverage a [Network Device CLI](https://attack.mitre.org/techniques/T1059/008) on network devices to gather information about configurations and settings, such as IP addresses of configured interfaces and static/dynamic routes (e.g. <code>show ip route</code>, <code>show ip interface</code>).(Citation: US-CERT-TA18-106A)(Citation: Mandiant APT41 Global Intrusion ) On ESXi, adversaries may leverage esxcli to gather network configuration information. For example, the command `esxcli network nic list` will retrieve the MAC address, while `esxcli network ip interface ipv4 get` will retrieve the local IPv4 address.(Citation: Trellix Rnasomhouse 2024) Adversaries may use the information from [System Network Configuration Discovery](https://attack.mitre.org/techniques/T1016) during automated discovery to shape follow-on behaviors, including determining certain access within the target network and what actions to do next.",,"['plausible', 'mild', 'negative']",
embe_0024,embeddings,8117,Dragonfly has used spearphishing with PDF attachments containing malicious links that redirected to credential harvesting websites.,T1566.001,"Adversaries may send spearphishing emails with a malicious attachment in an attempt to gain access to victim systems. Spearphishing attachment is a specific variant of spearphishing. Spearphishing attachment is different from other forms of spearphishing in that it employs the use of malware attached to an email. All forms of spearphishing are electronically delivered social engineering targeted at a specific individual, company, or industry. In this scenario, adversaries attach a file to the spearphishing email and usually rely upon [User Execution](https://attack.mitre.org/techniques/T1204) to gain execution.(Citation: Unit 42 DarkHydrus July 2018) Spearphishing may also involve social engineering techniques, such as posing as a trusted source. There are many options for the attachment such as Microsoft Office documents, executables, PDFs, or archived files. Upon opening the attachment (and potentially clicking past protections), the adversary's payload exploits a vulnerability or directly executes on the user's system. The text of the spearphishing email usually tries to give a plausible reason why the file should be opened, and may explain how to bypass system protections in order to do so. The email may also contain instructions on how to decrypt an attachment, such as a zip file password, in order to evade email boundary defenses. Adversaries frequently manipulate file extensions and icons in order to make attached executables appear to be document files, or files exploiting one application appear to be a file for a different one.",,"['plausible', 'mild', 'negative']",
embe_0025,embeddings,8062,OSInfo enumerates the current network connections similar to <code> net use </code>.,T1016,"Adversaries may look for details about the network configuration and settings, such as IP and/or MAC addresses, of systems they access or through information discovery of remote systems. Several operating system administration utilities exist that can be used to gather this information. Examples include [Arp](https://attack.mitre.org/software/S0099), [ipconfig](https://attack.mitre.org/software/S0100)/[ifconfig](https://attack.mitre.org/software/S0101), [nbtstat](https://attack.mitre.org/software/S0102), and [route](https://attack.mitre.org/software/S0103). Adversaries may also leverage a [Network Device CLI](https://attack.mitre.org/techniques/T1059/008) on network devices to gather information about configurations and settings, such as IP addresses of configured interfaces and static/dynamic routes (e.g. <code>show ip route</code>, <code>show ip interface</code>).(Citation: US-CERT-TA18-106A)(Citation: Mandiant APT41 Global Intrusion ) On ESXi, adversaries may leverage esxcli to gather network configuration information. For example, the command `esxcli network nic list` will retrieve the MAC address, while `esxcli network ip interface ipv4 get` will retrieve the local IPv4 address.(Citation: Trellix Rnasomhouse 2024) Adversaries may use the information from [System Network Configuration Discovery](https://attack.mitre.org/techniques/T1016) during automated discovery to shape follow-on behaviors, including determining certain access within the target network and what actions to do next.",,"['plausible', 'mild', 'negative']",
embe_0026,embeddings,7988,GravityRAT uses the <code>netstat</code> command to find open ports on the victim’s machine.,T1016,"Adversaries may look for details about the network configuration and settings, such as IP and/or MAC addresses, of systems they access or through information discovery of remote systems. Several operating system administration utilities exist that can be used to gather this information. Examples include [Arp](https://attack.mitre.org/software/S0099), [ipconfig](https://attack.mitre.org/software/S0100)/[ifconfig](https://attack.mitre.org/software/S0101), [nbtstat](https://attack.mitre.org/software/S0102), and [route](https://attack.mitre.org/software/S0103). Adversaries may also leverage a [Network Device CLI](https://attack.mitre.org/techniques/T1059/008) on network devices to gather information about configurations and settings, such as IP addresses of configured interfaces and static/dynamic routes (e.g. <code>show ip route</code>, <code>show ip interface</code>).(Citation: US-CERT-TA18-106A)(Citation: Mandiant APT41 Global Intrusion ) On ESXi, adversaries may leverage esxcli to gather network configuration information. For example, the command `esxcli network nic list` will retrieve the MAC address, while `esxcli network ip interface ipv4 get` will retrieve the local IPv4 address.(Citation: Trellix Rnasomhouse 2024) Adversaries may use the information from [System Network Configuration Discovery](https://attack.mitre.org/techniques/T1016) during automated discovery to shape follow-on behaviors, including determining certain access within the target network and what actions to do next.",,"['plausible', 'mild', 'negative']",
embe_0027,embeddings,8076,SMOKEDHAM has been delivered via malicious links in phishing emails.,T1566.001,"Adversaries may send spearphishing emails with a malicious attachment in an attempt to gain access to victim systems. Spearphishing attachment is a specific variant of spearphishing. Spearphishing attachment is different from other forms of spearphishing in that it employs the use of malware attached to an email. All forms of spearphishing are electronically delivered social engineering targeted at a specific individual, company, or industry. In this scenario, adversaries attach a file to the spearphishing email and usually rely upon [User Execution](https://attack.mitre.org/techniques/T1204) to gain execution.(Citation: Unit 42 DarkHydrus July 2018) Spearphishing may also involve social engineering techniques, such as posing as a trusted source. There are many options for the attachment such as Microsoft Office documents, executables, PDFs, or archived files. Upon opening the attachment (and potentially clicking past protections), the adversary's payload exploits a vulnerability or directly executes on the user's system. The text of the spearphishing email usually tries to give a plausible reason why the file should be opened, and may explain how to bypass system protections in order to do so. The email may also contain instructions on how to decrypt an attachment, such as a zip file password, in order to evade email boundary defenses. Adversaries frequently manipulate file extensions and icons in order to make attached executables appear to be document files, or files exploiting one application appear to be a file for a different one.",,"['plausible', 'mild', 'negative']",
embe_0028,embeddings,7992,TeamTNT has run <code>netstat -anp</code> to search for rival malware connections. TeamTNT has also used `libprocesshider` to modify <code>/etc/ld.so.preload</code>.,T1016,"Adversaries may look for details about the network configuration and settings, such as IP and/or MAC addresses, of systems they access or through information discovery of remote systems. Several operating system administration utilities exist that can be used to gather this information. Examples include [Arp](https://attack.mitre.org/software/S0099), [ipconfig](https://attack.mitre.org/software/S0100)/[ifconfig](https://attack.mitre.org/software/S0101), [nbtstat](https://attack.mitre.org/software/S0102), and [route](https://attack.mitre.org/software/S0103). Adversaries may also leverage a [Network Device CLI](https://attack.mitre.org/techniques/T1059/008) on network devices to gather information about configurations and settings, such as IP addresses of configured interfaces and static/dynamic routes (e.g. <code>show ip route</code>, <code>show ip interface</code>).(Citation: US-CERT-TA18-106A)(Citation: Mandiant APT41 Global Intrusion ) On ESXi, adversaries may leverage esxcli to gather network configuration information. For example, the command `esxcli network nic list` will retrieve the MAC address, while `esxcli network ip interface ipv4 get` will retrieve the local IPv4 address.(Citation: Trellix Rnasomhouse 2024) Adversaries may use the information from [System Network Configuration Discovery](https://attack.mitre.org/techniques/T1016) during automated discovery to shape follow-on behaviors, including determining certain access within the target network and what actions to do next.",,"['plausible', 'mild', 'negative']",
embe_0029,embeddings,7970,Lucifer can identify the IP and port numbers for all remote connections from the compromised host.,T1016,"Adversaries may look for details about the network configuration and settings, such as IP and/or MAC addresses, of systems they access or through information discovery of remote systems. Several operating system administration utilities exist that can be used to gather this information. Examples include [Arp](https://attack.mitre.org/software/S0099), [ipconfig](https://attack.mitre.org/software/S0100)/[ifconfig](https://attack.mitre.org/software/S0101), [nbtstat](https://attack.mitre.org/software/S0102), and [route](https://attack.mitre.org/software/S0103). Adversaries may also leverage a [Network Device CLI](https://attack.mitre.org/techniques/T1059/008) on network devices to gather information about configurations and settings, such as IP addresses of configured interfaces and static/dynamic routes (e.g. <code>show ip route</code>, <code>show ip interface</code>).(Citation: US-CERT-TA18-106A)(Citation: Mandiant APT41 Global Intrusion ) On ESXi, adversaries may leverage esxcli to gather network configuration information. For example, the command `esxcli network nic list` will retrieve the MAC address, while `esxcli network ip interface ipv4 get` will retrieve the local IPv4 address.(Citation: Trellix Rnasomhouse 2024) Adversaries may use the information from [System Network Configuration Discovery](https://attack.mitre.org/techniques/T1016) during automated discovery to shape follow-on behaviors, including determining certain access within the target network and what actions to do next.",,"['plausible', 'mild', 'negative']",
embe_0030,embeddings,8055,InvisiMole can obtain running services on the victim.,T1082,"An adversary may attempt to get detailed information about the operating system and hardware, including version, patches, hotfixes, service packs, and architecture. Adversaries may use this information to shape follow-on behaviors, including whether or not the adversary fully infects the target and/or attempts specific actions. This behavior is distinct from [Local Storage Discovery](https://attack.mitre.org/techniques/T1680) which is an adversary's discovery of local drive, disks and/or volumes. Tools such as [Systeminfo](https://attack.mitre.org/software/S0096) can be used to gather detailed system information. If running with privileged access, a breakdown of system data can be gathered through the <code>systemsetup</code> configuration tool on macOS. Adversaries may leverage a [Network Device CLI](https://attack.mitre.org/techniques/T1059/008) on network devices to gather detailed system information (e.g. <code>show version</code>).(Citation: US-CERT-TA18-106A) On ESXi servers, threat actors may gather system information from various esxcli utilities, such as `system hostname get` and `system version get`.(Citation: Crowdstrike Hypervisor Jackpotting Pt 2 2021)(Citation: Varonis) Infrastructure as a Service (IaaS) cloud providers such as AWS, GCP, and Azure allow access to instance and virtual machine information via APIs. Successful authenticated API calls can return data such as the operating system platform and status of a particular instance or the model view of a virtual machine.(Citation: Amazon Describe Instance)(Citation: Google Instances Resource)(Citation: Microsoft Virutal Machine API) [System Information Discovery](https://attack.mitre.org/techniques/T1082) combined with information gathered from other forms of discovery and reconnaissance can drive payload development and concealment.(Citation: OSX.FairyTale)(Citation: 20 macOS Common Tools and Techniques)",,"['plausible', 'mild', 'negative']",
embe_0031,embeddings,7999,DarkGate queries system locale information during execution. Later versions of DarkGate query <code>GetSystemDefaultLCID</code> for locale information to determine if the malware is executing in Russian-speaking countries.,T1082,"An adversary may attempt to get detailed information about the operating system and hardware, including version, patches, hotfixes, service packs, and architecture. Adversaries may use this information to shape follow-on behaviors, including whether or not the adversary fully infects the target and/or attempts specific actions. This behavior is distinct from [Local Storage Discovery](https://attack.mitre.org/techniques/T1680) which is an adversary's discovery of local drive, disks and/or volumes. Tools such as [Systeminfo](https://attack.mitre.org/software/S0096) can be used to gather detailed system information. If running with privileged access, a breakdown of system data can be gathered through the <code>systemsetup</code> configuration tool on macOS. Adversaries may leverage a [Network Device CLI](https://attack.mitre.org/techniques/T1059/008) on network devices to gather detailed system information (e.g. <code>show version</code>).(Citation: US-CERT-TA18-106A) On ESXi servers, threat actors may gather system information from various esxcli utilities, such as `system hostname get` and `system version get`.(Citation: Crowdstrike Hypervisor Jackpotting Pt 2 2021)(Citation: Varonis) Infrastructure as a Service (IaaS) cloud providers such as AWS, GCP, and Azure allow access to instance and virtual machine information via APIs. Successful authenticated API calls can return data such as the operating system platform and status of a particular instance or the model view of a virtual machine.(Citation: Amazon Describe Instance)(Citation: Google Instances Resource)(Citation: Microsoft Virutal Machine API) [System Information Discovery](https://attack.mitre.org/techniques/T1082) combined with information gathered from other forms of discovery and reconnaissance can drive payload development and concealment.(Citation: OSX.FairyTale)(Citation: 20 macOS Common Tools and Techniques)",,"['plausible', 'mild', 'negative']",
embe_0032,embeddings,8080,Magic Hound has used quser.exe to identify existing RDP connections.,T1016,"Adversaries may look for details about the network configuration and settings, such as IP and/or MAC addresses, of systems they access or through information discovery of remote systems. Several operating system administration utilities exist that can be used to gather this information. Examples include [Arp](https://attack.mitre.org/software/S0099), [ipconfig](https://attack.mitre.org/software/S0100)/[ifconfig](https://attack.mitre.org/software/S0101), [nbtstat](https://attack.mitre.org/software/S0102), and [route](https://attack.mitre.org/software/S0103). Adversaries may also leverage a [Network Device CLI](https://attack.mitre.org/techniques/T1059/008) on network devices to gather information about configurations and settings, such as IP addresses of configured interfaces and static/dynamic routes (e.g. <code>show ip route</code>, <code>show ip interface</code>).(Citation: US-CERT-TA18-106A)(Citation: Mandiant APT41 Global Intrusion ) On ESXi, adversaries may leverage esxcli to gather network configuration information. For example, the command `esxcli network nic list` will retrieve the MAC address, while `esxcli network ip interface ipv4 get` will retrieve the local IPv4 address.(Citation: Trellix Rnasomhouse 2024) Adversaries may use the information from [System Network Configuration Discovery](https://attack.mitre.org/techniques/T1016) during automated discovery to shape follow-on behaviors, including determining certain access within the target network and what actions to do next.",,"['plausible', 'mild', 'negative']",
embe_0033,embeddings,8161,Sardonic has the ability to execute the `netstat` command.,T1016,"Adversaries may look for details about the network configuration and settings, such as IP and/or MAC addresses, of systems they access or through information discovery of remote systems. Several operating system administration utilities exist that can be used to gather this information. Examples include [Arp](https://attack.mitre.org/software/S0099), [ipconfig](https://attack.mitre.org/software/S0100)/[ifconfig](https://attack.mitre.org/software/S0101), [nbtstat](https://attack.mitre.org/software/S0102), and [route](https://attack.mitre.org/software/S0103). Adversaries may also leverage a [Network Device CLI](https://attack.mitre.org/techniques/T1059/008) on network devices to gather information about configurations and settings, such as IP addresses of configured interfaces and static/dynamic routes (e.g. <code>show ip route</code>, <code>show ip interface</code>).(Citation: US-CERT-TA18-106A)(Citation: Mandiant APT41 Global Intrusion ) On ESXi, adversaries may leverage esxcli to gather network configuration information. For example, the command `esxcli network nic list` will retrieve the MAC address, while `esxcli network ip interface ipv4 get` will retrieve the local IPv4 address.(Citation: Trellix Rnasomhouse 2024) Adversaries may use the information from [System Network Configuration Discovery](https://attack.mitre.org/techniques/T1016) during automated discovery to shape follow-on behaviors, including determining certain access within the target network and what actions to do next.",,"['plausible', 'mild', 'negative']",
embe_0034,embeddings,8042,Comnie executes the <code>netstat -ano</code> command.,T1016,"Adversaries may look for details about the network configuration and settings, such as IP and/or MAC addresses, of systems they access or through information discovery of remote systems. Several operating system administration utilities exist that can be used to gather this information. Examples include [Arp](https://attack.mitre.org/software/S0099), [ipconfig](https://attack.mitre.org/software/S0100)/[ifconfig](https://attack.mitre.org/software/S0101), [nbtstat](https://attack.mitre.org/software/S0102), and [route](https://attack.mitre.org/software/S0103). Adversaries may also leverage a [Network Device CLI](https://attack.mitre.org/techniques/T1059/008) on network devices to gather information about configurations and settings, such as IP addresses of configured interfaces and static/dynamic routes (e.g. <code>show ip route</code>, <code>show ip interface</code>).(Citation: US-CERT-TA18-106A)(Citation: Mandiant APT41 Global Intrusion ) On ESXi, adversaries may leverage esxcli to gather network configuration information. For example, the command `esxcli network nic list` will retrieve the MAC address, while `esxcli network ip interface ipv4 get` will retrieve the local IPv4 address.(Citation: Trellix Rnasomhouse 2024) Adversaries may use the information from [System Network Configuration Discovery](https://attack.mitre.org/techniques/T1016) during automated discovery to shape follow-on behaviors, including determining certain access within the target network and what actions to do next.",,"['plausible', 'mild', 'negative']",
embe_0035,embeddings,8092,Sidewinder has sent e-mails with malicious attachments that lead victims to credential harvesting websites.,T1566.001,"Adversaries may send spearphishing emails with a malicious attachment in an attempt to gain access to victim systems. Spearphishing attachment is a specific variant of spearphishing. Spearphishing attachment is different from other forms of spearphishing in that it employs the use of malware attached to an email. All forms of spearphishing are electronically delivered social engineering targeted at a specific individual, company, or industry. In this scenario, adversaries attach a file to the spearphishing email and usually rely upon [User Execution](https://attack.mitre.org/techniques/T1204) to gain execution.(Citation: Unit 42 DarkHydrus July 2018) Spearphishing may also involve social engineering techniques, such as posing as a trusted source. There are many options for the attachment such as Microsoft Office documents, executables, PDFs, or archived files. Upon opening the attachment (and potentially clicking past protections), the adversary's payload exploits a vulnerability or directly executes on the user's system. The text of the spearphishing email usually tries to give a plausible reason why the file should be opened, and may explain how to bypass system protections in order to do so. The email may also contain instructions on how to decrypt an attachment, such as a zip file password, in order to evade email boundary defenses. Adversaries frequently manipulate file extensions and icons in order to make attached executables appear to be document files, or files exploiting one application appear to be a file for a different one.",,"['plausible', 'mild', 'negative']",
embe_0036,embeddings,8145,"Detects usage of commands or binaries (e.g., netstat, PowerShell Get-NetTCPConnection) and WMI or API calls to enumerate local or remote network connections.",T1016,"Adversaries may look for details about the network configuration and settings, such as IP and/or MAC addresses, of systems they access or through information discovery of remote systems. Several operating system administration utilities exist that can be used to gather this information. Examples include [Arp](https://attack.mitre.org/software/S0099), [ipconfig](https://attack.mitre.org/software/S0100)/[ifconfig](https://attack.mitre.org/software/S0101), [nbtstat](https://attack.mitre.org/software/S0102), and [route](https://attack.mitre.org/software/S0103). Adversaries may also leverage a [Network Device CLI](https://attack.mitre.org/techniques/T1059/008) on network devices to gather information about configurations and settings, such as IP addresses of configured interfaces and static/dynamic routes (e.g. <code>show ip route</code>, <code>show ip interface</code>).(Citation: US-CERT-TA18-106A)(Citation: Mandiant APT41 Global Intrusion ) On ESXi, adversaries may leverage esxcli to gather network configuration information. For example, the command `esxcli network nic list` will retrieve the MAC address, while `esxcli network ip interface ipv4 get` will retrieve the local IPv4 address.(Citation: Trellix Rnasomhouse 2024) Adversaries may use the information from [System Network Configuration Discovery](https://attack.mitre.org/techniques/T1016) during automated discovery to shape follow-on behaviors, including determining certain access within the target network and what actions to do next.",,"['plausible', 'mild', 'negative']",
embe_0037,embeddings,8081,REvil can enumerate active services.,T1082,"An adversary may attempt to get detailed information about the operating system and hardware, including version, patches, hotfixes, service packs, and architecture. Adversaries may use this information to shape follow-on behaviors, including whether or not the adversary fully infects the target and/or attempts specific actions. This behavior is distinct from [Local Storage Discovery](https://attack.mitre.org/techniques/T1680) which is an adversary's discovery of local drive, disks and/or volumes. Tools such as [Systeminfo](https://attack.mitre.org/software/S0096) can be used to gather detailed system information. If running with privileged access, a breakdown of system data can be gathered through the <code>systemsetup</code> configuration tool on macOS. Adversaries may leverage a [Network Device CLI](https://attack.mitre.org/techniques/T1059/008) on network devices to gather detailed system information (e.g. <code>show version</code>).(Citation: US-CERT-TA18-106A) On ESXi servers, threat actors may gather system information from various esxcli utilities, such as `system hostname get` and `system version get`.(Citation: Crowdstrike Hypervisor Jackpotting Pt 2 2021)(Citation: Varonis) Infrastructure as a Service (IaaS) cloud providers such as AWS, GCP, and Azure allow access to instance and virtual machine information via APIs. Successful authenticated API calls can return data such as the operating system platform and status of a particular instance or the model view of a virtual machine.(Citation: Amazon Describe Instance)(Citation: Google Instances Resource)(Citation: Microsoft Virutal Machine API) [System Information Discovery](https://attack.mitre.org/techniques/T1082) combined with information gathered from other forms of discovery and reconnaissance can drive payload development and concealment.(Citation: OSX.FairyTale)(Citation: 20 macOS Common Tools and Techniques)",,"['plausible', 'mild', 'negative']",
embe_0038,embeddings,8085,Chimera has used <code>netstat -ano | findstr EST</code> to discover network connections.,T1016,"Adversaries may look for details about the network configuration and settings, such as IP and/or MAC addresses, of systems they access or through information discovery of remote systems. Several operating system administration utilities exist that can be used to gather this information. Examples include [Arp](https://attack.mitre.org/software/S0099), [ipconfig](https://attack.mitre.org/software/S0100)/[ifconfig](https://attack.mitre.org/software/S0101), [nbtstat](https://attack.mitre.org/software/S0102), and [route](https://attack.mitre.org/software/S0103). Adversaries may also leverage a [Network Device CLI](https://attack.mitre.org/techniques/T1059/008) on network devices to gather information about configurations and settings, such as IP addresses of configured interfaces and static/dynamic routes (e.g. <code>show ip route</code>, <code>show ip interface</code>).(Citation: US-CERT-TA18-106A)(Citation: Mandiant APT41 Global Intrusion ) On ESXi, adversaries may leverage esxcli to gather network configuration information. For example, the command `esxcli network nic list` will retrieve the MAC address, while `esxcli network ip interface ipv4 get` will retrieve the local IPv4 address.(Citation: Trellix Rnasomhouse 2024) Adversaries may use the information from [System Network Configuration Discovery](https://attack.mitre.org/techniques/T1016) during automated discovery to shape follow-on behaviors, including determining certain access within the target network and what actions to do next.",,"['plausible', 'mild', 'negative']",
embe_0039,embeddings,7967,Sykipot may use <code>net start</code> to display running services.,T1082,"An adversary may attempt to get detailed information about the operating system and hardware, including version, patches, hotfixes, service packs, and architecture. Adversaries may use this information to shape follow-on behaviors, including whether or not the adversary fully infects the target and/or attempts specific actions. This behavior is distinct from [Local Storage Discovery](https://attack.mitre.org/techniques/T1680) which is an adversary's discovery of local drive, disks and/or volumes. Tools such as [Systeminfo](https://attack.mitre.org/software/S0096) can be used to gather detailed system information. If running with privileged access, a breakdown of system data can be gathered through the <code>systemsetup</code> configuration tool on macOS. Adversaries may leverage a [Network Device CLI](https://attack.mitre.org/techniques/T1059/008) on network devices to gather detailed system information (e.g. <code>show version</code>).(Citation: US-CERT-TA18-106A) On ESXi servers, threat actors may gather system information from various esxcli utilities, such as `system hostname get` and `system version get`.(Citation: Crowdstrike Hypervisor Jackpotting Pt 2 2021)(Citation: Varonis) Infrastructure as a Service (IaaS) cloud providers such as AWS, GCP, and Azure allow access to instance and virtual machine information via APIs. Successful authenticated API calls can return data such as the operating system platform and status of a particular instance or the model view of a virtual machine.(Citation: Amazon Describe Instance)(Citation: Google Instances Resource)(Citation: Microsoft Virutal Machine API) [System Information Discovery](https://attack.mitre.org/techniques/T1082) combined with information gathered from other forms of discovery and reconnaissance can drive payload development and concealment.(Citation: OSX.FairyTale)(Citation: 20 macOS Common Tools and Techniques)",,"['plausible', 'mild', 'negative']",
embe_0040,embeddings,8131,Okrum was seen using NetSess to discover NetBIOS sessions.,T1016,"Adversaries may look for details about the network configuration and settings, such as IP and/or MAC addresses, of systems they access or through information discovery of remote systems. Several operating system administration utilities exist that can be used to gather this information. Examples include [Arp](https://attack.mitre.org/software/S0099), [ipconfig](https://attack.mitre.org/software/S0100)/[ifconfig](https://attack.mitre.org/software/S0101), [nbtstat](https://attack.mitre.org/software/S0102), and [route](https://attack.mitre.org/software/S0103). Adversaries may also leverage a [Network Device CLI](https://attack.mitre.org/techniques/T1059/008) on network devices to gather information about configurations and settings, such as IP addresses of configured interfaces and static/dynamic routes (e.g. <code>show ip route</code>, <code>show ip interface</code>).(Citation: US-CERT-TA18-106A)(Citation: Mandiant APT41 Global Intrusion ) On ESXi, adversaries may leverage esxcli to gather network configuration information. For example, the command `esxcli network nic list` will retrieve the MAC address, while `esxcli network ip interface ipv4 get` will retrieve the local IPv4 address.(Citation: Trellix Rnasomhouse 2024) Adversaries may use the information from [System Network Configuration Discovery](https://attack.mitre.org/techniques/T1016) during automated discovery to shape follow-on behaviors, including determining certain access within the target network and what actions to do next.",,"['plausible', 'mild', 'negative']",
embe_0041,embeddings,7982,Cuckoo Stealer can determine the geographical location of a victim host by checking the language.,T1082,"An adversary may attempt to get detailed information about the operating system and hardware, including version, patches, hotfixes, service packs, and architecture. Adversaries may use this information to shape follow-on behaviors, including whether or not the adversary fully infects the target and/or attempts specific actions. This behavior is distinct from [Local Storage Discovery](https://attack.mitre.org/techniques/T1680) which is an adversary's discovery of local drive, disks and/or volumes. Tools such as [Systeminfo](https://attack.mitre.org/software/S0096) can be used to gather detailed system information. If running with privileged access, a breakdown of system data can be gathered through the <code>systemsetup</code> configuration tool on macOS. Adversaries may leverage a [Network Device CLI](https://attack.mitre.org/techniques/T1059/008) on network devices to gather detailed system information (e.g. <code>show version</code>).(Citation: US-CERT-TA18-106A) On ESXi servers, threat actors may gather system information from various esxcli utilities, such as `system hostname get` and `system version get`.(Citation: Crowdstrike Hypervisor Jackpotting Pt 2 2021)(Citation: Varonis) Infrastructure as a Service (IaaS) cloud providers such as AWS, GCP, and Azure allow access to instance and virtual machine information via APIs. Successful authenticated API calls can return data such as the operating system platform and status of a particular instance or the model view of a virtual machine.(Citation: Amazon Describe Instance)(Citation: Google Instances Resource)(Citation: Microsoft Virutal Machine API) [System Information Discovery](https://attack.mitre.org/techniques/T1082) combined with information gathered from other forms of discovery and reconnaissance can drive payload development and concealment.(Citation: OSX.FairyTale)(Citation: 20 macOS Common Tools and Techniques)",,"['plausible', 'mild', 'negative']",
embe_0042,embeddings,8026,"Users can be trained to identify social engineering techniques and spearphishing attempts. Additionally, users may perform visual checks of the domains they visit; however, homographs in ASCII and in IDN domains and URL schema obfuscation may render manual checks difficult. Phishing training and other cybersecurity training may raise awareness to check URLs before visiting the sites.",T1566.001,"Adversaries may send spearphishing emails with a malicious attachment in an attempt to gain access to victim systems. Spearphishing attachment is a specific variant of spearphishing. Spearphishing attachment is different from other forms of spearphishing in that it employs the use of malware attached to an email. All forms of spearphishing are electronically delivered social engineering targeted at a specific individual, company, or industry. In this scenario, adversaries attach a file to the spearphishing email and usually rely upon [User Execution](https://attack.mitre.org/techniques/T1204) to gain execution.(Citation: Unit 42 DarkHydrus July 2018) Spearphishing may also involve social engineering techniques, such as posing as a trusted source. There are many options for the attachment such as Microsoft Office documents, executables, PDFs, or archived files. Upon opening the attachment (and potentially clicking past protections), the adversary's payload exploits a vulnerability or directly executes on the user's system. The text of the spearphishing email usually tries to give a plausible reason why the file should be opened, and may explain how to bypass system protections in order to do so. The email may also contain instructions on how to decrypt an attachment, such as a zip file password, in order to evade email boundary defenses. Adversaries frequently manipulate file extensions and icons in order to make attached executables appear to be document files, or files exploiting one application appear to be a file for a different one.",,"['plausible', 'mild', 'negative']",
embe_0043,embeddings,8147,"Enumeration of services via native CLI tools (e.g., sc query , tasklist /svc , net start ) or API calls via PowerShell and WMI.",T1082,"An adversary may attempt to get detailed information about the operating system and hardware, including version, patches, hotfixes, service packs, and architecture. Adversaries may use this information to shape follow-on behaviors, including whether or not the adversary fully infects the target and/or attempts specific actions. This behavior is distinct from [Local Storage Discovery](https://attack.mitre.org/techniques/T1680) which is an adversary's discovery of local drive, disks and/or volumes. Tools such as [Systeminfo](https://attack.mitre.org/software/S0096) can be used to gather detailed system information. If running with privileged access, a breakdown of system data can be gathered through the <code>systemsetup</code> configuration tool on macOS. Adversaries may leverage a [Network Device CLI](https://attack.mitre.org/techniques/T1059/008) on network devices to gather detailed system information (e.g. <code>show version</code>).(Citation: US-CERT-TA18-106A) On ESXi servers, threat actors may gather system information from various esxcli utilities, such as `system hostname get` and `system version get`.(Citation: Crowdstrike Hypervisor Jackpotting Pt 2 2021)(Citation: Varonis) Infrastructure as a Service (IaaS) cloud providers such as AWS, GCP, and Azure allow access to instance and virtual machine information via APIs. Successful authenticated API calls can return data such as the operating system platform and status of a particular instance or the model view of a virtual machine.(Citation: Amazon Describe Instance)(Citation: Google Instances Resource)(Citation: Microsoft Virutal Machine API) [System Information Discovery](https://attack.mitre.org/techniques/T1082) combined with information gathered from other forms of discovery and reconnaissance can drive payload development and concealment.(Citation: OSX.FairyTale)(Citation: 20 macOS Common Tools and Techniques)",,"['plausible', 'mild', 'negative']",
embe_0044,embeddings,8136,PUBLOAD has leveraged `tasklist` to gather running services on victim host.,T1082,"An adversary may attempt to get detailed information about the operating system and hardware, including version, patches, hotfixes, service packs, and architecture. Adversaries may use this information to shape follow-on behaviors, including whether or not the adversary fully infects the target and/or attempts specific actions. This behavior is distinct from [Local Storage Discovery](https://attack.mitre.org/techniques/T1680) which is an adversary's discovery of local drive, disks and/or volumes. Tools such as [Systeminfo](https://attack.mitre.org/software/S0096) can be used to gather detailed system information. If running with privileged access, a breakdown of system data can be gathered through the <code>systemsetup</code> configuration tool on macOS. Adversaries may leverage a [Network Device CLI](https://attack.mitre.org/techniques/T1059/008) on network devices to gather detailed system information (e.g. <code>show version</code>).(Citation: US-CERT-TA18-106A) On ESXi servers, threat actors may gather system information from various esxcli utilities, such as `system hostname get` and `system version get`.(Citation: Crowdstrike Hypervisor Jackpotting Pt 2 2021)(Citation: Varonis) Infrastructure as a Service (IaaS) cloud providers such as AWS, GCP, and Azure allow access to instance and virtual machine information via APIs. Successful authenticated API calls can return data such as the operating system platform and status of a particular instance or the model view of a virtual machine.(Citation: Amazon Describe Instance)(Citation: Google Instances Resource)(Citation: Microsoft Virutal Machine API) [System Information Discovery](https://attack.mitre.org/techniques/T1082) combined with information gathered from other forms of discovery and reconnaissance can drive payload development and concealment.(Citation: OSX.FairyTale)(Citation: 20 macOS Common Tools and Techniques)",,"['plausible', 'mild', 'negative']",
embe_0045,embeddings,7976,menuPass has used <code>net use</code> to conduct connectivity checks to machines.,T1016,"Adversaries may look for details about the network configuration and settings, such as IP and/or MAC addresses, of systems they access or through information discovery of remote systems. Several operating system administration utilities exist that can be used to gather this information. Examples include [Arp](https://attack.mitre.org/software/S0099), [ipconfig](https://attack.mitre.org/software/S0100)/[ifconfig](https://attack.mitre.org/software/S0101), [nbtstat](https://attack.mitre.org/software/S0102), and [route](https://attack.mitre.org/software/S0103). Adversaries may also leverage a [Network Device CLI](https://attack.mitre.org/techniques/T1059/008) on network devices to gather information about configurations and settings, such as IP addresses of configured interfaces and static/dynamic routes (e.g. <code>show ip route</code>, <code>show ip interface</code>).(Citation: US-CERT-TA18-106A)(Citation: Mandiant APT41 Global Intrusion ) On ESXi, adversaries may leverage esxcli to gather network configuration information. For example, the command `esxcli network nic list` will retrieve the MAC address, while `esxcli network ip interface ipv4 get` will retrieve the local IPv4 address.(Citation: Trellix Rnasomhouse 2024) Adversaries may use the information from [System Network Configuration Discovery](https://attack.mitre.org/techniques/T1016) during automated discovery to shape follow-on behaviors, including determining certain access within the target network and what actions to do next.",,"['plausible', 'mild', 'negative']",
embe_0046,embeddings,8019,XORIndex Loader can identify the geographical location of a victim host.,T1082,"An adversary may attempt to get detailed information about the operating system and hardware, including version, patches, hotfixes, service packs, and architecture. Adversaries may use this information to shape follow-on behaviors, including whether or not the adversary fully infects the target and/or attempts specific actions. This behavior is distinct from [Local Storage Discovery](https://attack.mitre.org/techniques/T1680) which is an adversary's discovery of local drive, disks and/or volumes. Tools such as [Systeminfo](https://attack.mitre.org/software/S0096) can be used to gather detailed system information. If running with privileged access, a breakdown of system data can be gathered through the <code>systemsetup</code> configuration tool on macOS. Adversaries may leverage a [Network Device CLI](https://attack.mitre.org/techniques/T1059/008) on network devices to gather detailed system information (e.g. <code>show version</code>).(Citation: US-CERT-TA18-106A) On ESXi servers, threat actors may gather system information from various esxcli utilities, such as `system hostname get` and `system version get`.(Citation: Crowdstrike Hypervisor Jackpotting Pt 2 2021)(Citation: Varonis) Infrastructure as a Service (IaaS) cloud providers such as AWS, GCP, and Azure allow access to instance and virtual machine information via APIs. Successful authenticated API calls can return data such as the operating system platform and status of a particular instance or the model view of a virtual machine.(Citation: Amazon Describe Instance)(Citation: Google Instances Resource)(Citation: Microsoft Virutal Machine API) [System Information Discovery](https://attack.mitre.org/techniques/T1082) combined with information gathered from other forms of discovery and reconnaissance can drive payload development and concealment.(Citation: OSX.FairyTale)(Citation: 20 macOS Common Tools and Techniques)",,"['plausible', 'mild', 'negative']",
embe_0047,embeddings,8024,BBSRAT can query service configuration information.,T1082,"An adversary may attempt to get detailed information about the operating system and hardware, including version, patches, hotfixes, service packs, and architecture. Adversaries may use this information to shape follow-on behaviors, including whether or not the adversary fully infects the target and/or attempts specific actions. This behavior is distinct from [Local Storage Discovery](https://attack.mitre.org/techniques/T1680) which is an adversary's discovery of local drive, disks and/or volumes. Tools such as [Systeminfo](https://attack.mitre.org/software/S0096) can be used to gather detailed system information. If running with privileged access, a breakdown of system data can be gathered through the <code>systemsetup</code> configuration tool on macOS. Adversaries may leverage a [Network Device CLI](https://attack.mitre.org/techniques/T1059/008) on network devices to gather detailed system information (e.g. <code>show version</code>).(Citation: US-CERT-TA18-106A) On ESXi servers, threat actors may gather system information from various esxcli utilities, such as `system hostname get` and `system version get`.(Citation: Crowdstrike Hypervisor Jackpotting Pt 2 2021)(Citation: Varonis) Infrastructure as a Service (IaaS) cloud providers such as AWS, GCP, and Azure allow access to instance and virtual machine information via APIs. Successful authenticated API calls can return data such as the operating system platform and status of a particular instance or the model view of a virtual machine.(Citation: Amazon Describe Instance)(Citation: Google Instances Resource)(Citation: Microsoft Virutal Machine API) [System Information Discovery](https://attack.mitre.org/techniques/T1082) combined with information gathered from other forms of discovery and reconnaissance can drive payload development and concealment.(Citation: OSX.FairyTale)(Citation: 20 macOS Common Tools and Techniques)",,"['plausible', 'mild', 'negative']",
embe_0048,embeddings,8159,RedLeaves can enumerate drives and Remote Desktop sessions.,T1016,"Adversaries may look for details about the network configuration and settings, such as IP and/or MAC addresses, of systems they access or through information discovery of remote systems. Several operating system administration utilities exist that can be used to gather this information. Examples include [Arp](https://attack.mitre.org/software/S0099), [ipconfig](https://attack.mitre.org/software/S0100)/[ifconfig](https://attack.mitre.org/software/S0101), [nbtstat](https://attack.mitre.org/software/S0102), and [route](https://attack.mitre.org/software/S0103). Adversaries may also leverage a [Network Device CLI](https://attack.mitre.org/techniques/T1059/008) on network devices to gather information about configurations and settings, such as IP addresses of configured interfaces and static/dynamic routes (e.g. <code>show ip route</code>, <code>show ip interface</code>).(Citation: US-CERT-TA18-106A)(Citation: Mandiant APT41 Global Intrusion ) On ESXi, adversaries may leverage esxcli to gather network configuration information. For example, the command `esxcli network nic list` will retrieve the MAC address, while `esxcli network ip interface ipv4 get` will retrieve the local IPv4 address.(Citation: Trellix Rnasomhouse 2024) Adversaries may use the information from [System Network Configuration Discovery](https://attack.mitre.org/techniques/T1016) during automated discovery to shape follow-on behaviors, including determining certain access within the target network and what actions to do next.",,"['plausible', 'mild', 'negative']",
embe_0049,embeddings,8036,LookBack can enumerate services on the victim machine.,T1082,"An adversary may attempt to get detailed information about the operating system and hardware, including version, patches, hotfixes, service packs, and architecture. Adversaries may use this information to shape follow-on behaviors, including whether or not the adversary fully infects the target and/or attempts specific actions. This behavior is distinct from [Local Storage Discovery](https://attack.mitre.org/techniques/T1680) which is an adversary's discovery of local drive, disks and/or volumes. Tools such as [Systeminfo](https://attack.mitre.org/software/S0096) can be used to gather detailed system information. If running with privileged access, a breakdown of system data can be gathered through the <code>systemsetup</code> configuration tool on macOS. Adversaries may leverage a [Network Device CLI](https://attack.mitre.org/techniques/T1059/008) on network devices to gather detailed system information (e.g. <code>show version</code>).(Citation: US-CERT-TA18-106A) On ESXi servers, threat actors may gather system information from various esxcli utilities, such as `system hostname get` and `system version get`.(Citation: Crowdstrike Hypervisor Jackpotting Pt 2 2021)(Citation: Varonis) Infrastructure as a Service (IaaS) cloud providers such as AWS, GCP, and Azure allow access to instance and virtual machine information via APIs. Successful authenticated API calls can return data such as the operating system platform and status of a particular instance or the model view of a virtual machine.(Citation: Amazon Describe Instance)(Citation: Google Instances Resource)(Citation: Microsoft Virutal Machine API) [System Information Discovery](https://attack.mitre.org/techniques/T1082) combined with information gathered from other forms of discovery and reconnaissance can drive payload development and concealment.(Citation: OSX.FairyTale)(Citation: 20 macOS Common Tools and Techniques)",,"['plausible', 'mild', 'negative']",
embe_0050,embeddings,8128,APT5 has used the BLOODMINE utility to collect data on web requests from Pulse Secure Connect logs.,T1016,"Adversaries may look for details about the network configuration and settings, such as IP and/or MAC addresses, of systems they access or through information discovery of remote systems. Several operating system administration utilities exist that can be used to gather this information. Examples include [Arp](https://attack.mitre.org/software/S0099), [ipconfig](https://attack.mitre.org/software/S0100)/[ifconfig](https://attack.mitre.org/software/S0101), [nbtstat](https://attack.mitre.org/software/S0102), and [route](https://attack.mitre.org/software/S0103). Adversaries may also leverage a [Network Device CLI](https://attack.mitre.org/techniques/T1059/008) on network devices to gather information about configurations and settings, such as IP addresses of configured interfaces and static/dynamic routes (e.g. <code>show ip route</code>, <code>show ip interface</code>).(Citation: US-CERT-TA18-106A)(Citation: Mandiant APT41 Global Intrusion ) On ESXi, adversaries may leverage esxcli to gather network configuration information. For example, the command `esxcli network nic list` will retrieve the MAC address, while `esxcli network ip interface ipv4 get` will retrieve the local IPv4 address.(Citation: Trellix Rnasomhouse 2024) Adversaries may use the information from [System Network Configuration Discovery](https://attack.mitre.org/techniques/T1016) during automated discovery to shape follow-on behaviors, including determining certain access within the target network and what actions to do next.",,"['plausible', 'mild', 'negative']",
